{
	"columns": [
		{
			"name":"ID",
			"min":1,
			"max":100,
            "mean":50.5,
            "med":50.5,
			"std":28.86607
		},
		{
			"name":"Random data around 0",
			"min":-2.9559139,
			"max":2.94697043,
            "mean":-0.1271028,
            "med":-0.1981314,
			"std":1.79586081
		},
		{
			"name":"ID + 1-5",
			"min":1,
			"max":102,
            "mean":53.29,
            "med":53.5,
			"std":28.9593836
		},
		{
			"name":"100 +/- 3",
			"min":97,
			"max":103,
            "mean":99.71,
            "med":100,
			"std":1.97126863
		}
	]
}