{
	"columns": [
		{
			"name":"ID",
			"min":1,
			"max":100,
			"std":28.86607
		},
		{
			"name":"Random data around 0",
			"min":-2.9559139,
			"max":2.94697043,
			"std":1.79586081
		},
		{
			"name":"ID + 1-5",
			"min":1,
			"max":102,
			"std":28.9593836
		},
		{
			"name":"100 +/- 3",
			"min":97,
			"max":103,
			"std":1.97126863
		}
	]
}